{
  "PoolAddressesProviderRegistry": 1717580216,
  "LogicLibraries": 1717580300,
  "Treasury": 1717580347,
  "PoolAddressesProvider:Polygon:aave-v3-core@1.19.3": 1717580396,
  "PoolConfigurator": 1717580444,
  "ACLManager:Polygon:aave-v3-core@1.19.3": 1717580492,
  "Oracles:Polygon:aave-v3-core@1.19.3": 1717580511,
  "InitOracles:Polygon:aave-v3-core@1.19.3": 1717580521,
  "PoolInitalization:Polygon:aave-v3-core@1.19.3": 1717580555,
  "Incentives:Polygon:aave-v3-periphery@2.5.2": 1717580614,
  "TokenImplementations:Polygon:aave-v3-core@1.19.3": 1717580683,
  "PeripheryInit:Polygon:aave-v3-periphery@2.5.2": 1717581074
}