{
  "PoolAddressesProviderRegistry": 1719323150,
  "LogicLibraries": 1719323245,
  "Treasury": 1719323305,
  "PoolAddressesProvider:Ethereum:aave-v3-core@1.19.3": 1719323366,
  "PoolConfigurator": 1719323477,
  "ACLManager:Ethereum:aave-v3-core@1.19.3": 1719323536,
  "Oracles:Ethereum:aave-v3-core@1.19.3": 1719323558,
  "InitOracles:Ethereum:aave-v3-core@1.19.3": 1719323569,
  "PoolInitalization:Ethereum:aave-v3-core@1.19.3": 1719323620,
  "Incentives:Ethereum:aave-v3-periphery@2.5.2": 1719323690,
  "TokenImplementations:Ethereum:aave-v3-core@1.19.3": 1719383450,
  "PeripheryInit:Ethereum:aave-v3-periphery@2.5.2": 1719383535
}