{
  "PoolAddressesProviderRegistry": 1717402154,
  "LogicLibraries": 1717402189,
  "Treasury": 1717402221,
  "PoolAddressesProvider:Arbitrum:aave-v3-core@1.19.3": 1717402241,
  "PoolConfigurator": 1717402263,
  "ACLManager:Arbitrum:aave-v3-core@1.19.3": 1717402283,
  "Oracles:Arbitrum:aave-v3-core@1.19.3": 1717402291,
  "InitOracles:Arbitrum:aave-v3-core@1.19.3": 1717402295,
  "PoolInitalization:Arbitrum:aave-v3-core@1.19.3": 1717402311,
  "Incentives:Arbitrum:aave-v3-periphery@2.5.2": 1717402338,
  "TokenImplementations:Arbitrum:aave-v3-core@1.19.3": 1717402367,
  "PeripheryInit:Arbitrum:aave-v3-periphery@2.5.2": 1717402409
}