{
  "PoolAddressesProviderRegistry": 1716549060,
  "LogicLibraries": 1716549096,
  "Treasury": 1716549117,
  "PoolAddressesProvider:Plend Finance:aave-v3-core@1.19.3": 1716549139,
  "PoolConfigurator": 1716549161,
  "ACLManager:Plend Finance:aave-v3-core@1.19.3": 1716549182,
  "Oracles:Plend Finance:aave-v3-core@1.19.3": 1716549190,
  "InitOracles:Plend Finance:aave-v3-core@1.19.3": 1716549194,
  "PoolInitalization:Plend Finance:aave-v3-core@1.19.3": 1716549213,
  "Incentives:Plend Finance:aave-v3-periphery@2.5.2": 1716549238,
  "TokenImplementations:Plend Finance:aave-v3-core@1.19.3": 1716549271,
  "PeripheryInit:Plend Finance:aave-v3-periphery@2.5.2": 1716549320
}